Workbook

Sheet 说明 Hướng dẫn
A1: 2027年度专项激励计划 · 数据模板使用说明 / Hướng dẫn sử dụng mẫu dữ liệu
B4: 中文 | C4: Tiếng Việt
A5: 1 | B5: 黄色底、蓝色字的行是示例，看懂格式后可以删除。 | C5: Dòng nền vàng chữ xanh là ví dụ, hiểu định dạng rồi có thể xóa.
A6: 2 | B6: 每个部门复制本文件，改名为“部门名_2027”，放在部门文件夹内。只填本部门的数据。 | C6: Mỗi bộ phận sao chép tệp này, đổi tên “Tên bộ phận_2027”, đặt trong thư mục bộ phận. Chỉ điền dữ liệu của bộ phận mình.
A7: 3 | B7: “月度工作单”每月 5 日前填好上个月的内容，一件事一行。五个栏目都要有内容，没有就写“无”。 | C7: “Phiếu công việc tháng” điền nội dung tháng trước, trước ngày 5 hàng tháng, mỗi việc một dòng. Cả 5 mục đều phải có nội dung, không có thì ghi “Không”.
A8: 4 | B8: “部门台账”有变化就更新“最近更新”和“进展说明”。进行中的事项超过 30 天不更新会被视为停滞。 | C8: “Sổ theo dõi” có thay đổi thì cập nhật “Cập nhật gần nhất” và “Tiến độ”. Việc đang làm quá 30 ngày không cập nhật sẽ bị coi là đình trệ.
A9: 5 | B9: “降本增效提案”一个提案一行，证据文件放在提案文件夹，链接填到最后一列。节省金额按年化计算。 | C9: “Đề xuất cải tiến” mỗi đề xuất một dòng, hồ sơ chứng minh để trong thư mục đề xuất, dán liên kết vào cột cuối. Số tiền tiết kiệm tính theo năm.
A10: 6 | B10: “关键贡献登记”只登记有事前预警记录的事件，预警日期必须早于问题发生日期。 | C10: “Đóng góp quan trọng” chỉ ghi các sự việc có bản ghi cảnh báo trước; ngày cảnh báo phải sớm hơn ngày sự việc xảy ra.
A11: 7 | B11: 编号规则：部门代码-年份-三位序号，例如 SX-2027-001。部门代码：SX 生产、CL 质量、NS 人事、XNK 进出口、TC 财务、MH 采购、KHO 仓库、TO 班组。 | C11: Quy tắc mã: Mã bộ phận-Năm-Số thứ tự 3 chữ số, ví dụ SX-2027-001. Mã bộ phận: SX Sản xuất, CL Chất lượng, NS Nhân sự, XNK Xuất nhập khẩu, TC Tài chính, MH Mua hàng, KHO Kho, TO Tổ sản xuất.
A12: 8 | B12: AI 每季度读取这些表格和部门文件夹，给出等级建议和证据清单，总经理最终确定。没有记录的工作无法被评定。 | C12: AI đọc các bảng này và thư mục bộ phận mỗi quý, đưa ra xếp loại đề xuất kèm danh mục bằng chứng; Tổng Giám đốc quyết định cuối cùng. Công việc không có bản ghi thì không thể đánh giá.
A13: 9 | B13: “参数”页由总经理维护，其他人不要修改。 | C13: Trang “Tham số” do Tổng Giám đốc quản lý, người khác không chỉnh sửa.

Sheet 月度工作单 Phiếu tháng
A1: 月度工作单 / Phiếu công việc tháng
A2: 一件事一行；每月 5 日前填完上月 / Mỗi việc một dòng; hoàn thành trước ngày 5 tháng sau
A4: 月份 Tháng (yyyy-mm) | B4: 部门 Bộ phận | C4: 填写人 Người điền | D4: 栏目 Mục | E4: 内容 Nội dung | F4: 数据或结果 Số liệu / kết quả | G4: 涉及部门 Bộ phận liên quan | H4: 文件链接 Liên kết tệp | I4: 填写日期 Ngày điền
A5: '2027-01 | B5: 生产 Sản xuất | C5: Nguyễn Văn A | D5: 1 本月完成 Đã hoàn thành | E5: 完成 1 号机换模时间从 90 分钟缩短到 60 分钟 / Rút ngắn thời gian đổi khuôn máy số 1 từ 90 xuống 60 phút | F5: 换模记录 12 次，平均 58 分钟 / 12 lần, TB 58 phút | G5: 质量 Chất lượng | H5: https://drive.google.com/... | I5: 2027-02-03
A6: '2027-01 | B6: 生产 Sản xuất | C6: Nguyễn Văn A | D6: 3 问题与预警 Vấn đề & cảnh báo | E6: 2 号机牵引轮磨损，预计 3 月前需更换，否则影响 3 月订单交付 / Bánh kéo máy 2 mòn, cần thay trước tháng 3, nếu không ảnh hưởng giao hàng tháng 3 | F6: 磨损量 1.2 mm / Độ mòn 1,2 mm | G6: 采购 Mua hàng | I6: 2027-02-03

Sheet 部门台账 Sổ theo dõi
A1: 部门年度项目管理台账 / Sổ theo dõi công việc bộ phận
A2: 管理层可协同编辑、新增 / Cấp quản lý có thể cùng chỉnh sửa, bổ sung
A4: 编号 Mã | B4: 类型 Loại | C4: 部门 Bộ phận | D4: 事项 Nội dung công việc | E4: 负责人 Người phụ trách | F4: 登记日期 Ngày ghi | G4: 截止日期 Hạn hoàn thành | H4: 状态 Trạng thái | I4: 最近更新 Cập nhật gần nhất | J4: 进展说明 Tiến độ | K4: 关联提案编号 Mã đề xuất liên quan | L4: 是否逾期 Quá hạn | M4: 停滞天数 Số ngày chưa cập nhật
A5: SX-2027-001 | B5: 改善目标 Mục tiêu cải tiến | C5: 生产 Sản xuất | D5: 降低 1 号机开机废料 / Giảm phế liệu khởi động máy 1 | E5: Nguyễn Văn A | F5: 2027-01-10 | G5: 2027-03-31 | H5: 进行中 Đang thực hiện | I5: 2027-02-03 | J5: 已收集 1 月数据，2 月试行新参数 / Đã thu số liệu tháng 1, tháng 2 thử tham số mới | K5: SX-2027-001 | L5: =IF(AND(G5<>"",H5<>"已完成 Hoàn thành",H5<>"已关闭 Đã đóng",G5<TODAY()),"逾期 Quá hạn","") | M5: =IF(AND(I5<>"",H5="进行中 Đang thực hiện"),TODAY()-I5,"")
A6: KHO-2027-001 | B6: 紧急处理 Xử lý khẩn cấp | C6: 仓库 Kho | D6: 旺季仓位不足，需在 11 月 15 日前腾出 B 区 / Thiếu chỗ kho mùa cao điểm, cần giải phóng khu B trước 15/11 | E6: Trần Thị B | F6: 2026-11-02 | G6: 2026-11-15 | H6: 已完成 Hoàn thành | I6: 2026-11-14 | J6: 已完成，腾出 120 m² / Đã xong, giải phóng 120 m² | L6: =IF(AND(G6<>"",H6<>"已完成 Hoàn thành",H6<>"已关闭 Đã đóng",G6<TODAY()),"逾期 Quá hạn","") | M6: =IF(AND(I6<>"",H6="进行中 Đang thực hiện"),TODAY()-I6,"")
L7: =IF(AND(G7<>"",H7<>"已完成 Hoàn thành",H7<>"已关闭 Đã đóng",G7<TODAY()),"逾期 Quá hạn","") | M7: =IF(AND(I7<>"",H7="进行中 Đang thực hiện"),TODAY()-I7,"")
L8: =IF(AND(G8<>"",H8<>"已完成 Hoàn thành",H8<>"已关闭 Đã đóng",G8<TODAY()),"逾期 Quá hạn","") | M8: =IF(AND(I8<>"",H8="进行中 Đang thực hiện"),TODAY()-I8,"")
L9: =IF(AND(G9<>"",H9<>"已完成 Hoàn thành",H9<>"已关闭 Đã đóng",G9<TODAY()),"逾期 Quá hạn","") | M9: =IF(AND(I9<>"",H9="进行中 Đang thực hiện"),TODAY()-I9,"")
L10: =IF(AND(G10<>"",H10<>"已完成 Hoàn thành",H10<>"已关闭 Đã đóng",G10<TODAY()),"逾期 Quá hạn","") | M10: =IF(AND(I10<>"",H10="进行中 Đang thực hiện"),TODAY()-I10,"")
L11: =IF(AND(G11<>"",H11<>"已完成 Hoàn thành",H11<>"已关闭 Đã đóng",G11<TODAY()),"逾期 Quá hạn","") | M11: =IF(AND(I11<>"",H11="进行中 Đang thực hiện"),TODAY()-I11,"")
L12: =IF(AND(G12<>"",H12<>"已完成 Hoàn thành",H12<>"已关闭 Đã đóng",G12<TODAY()),"逾期 Quá hạn","") | M12: =IF(AND(I12<>"",H12="进行中 Đang thực hiện"),TODAY()-I12,"")
L13: =IF(AND(G13<>"",H13<>"已完成 Hoàn thành",H13<>"已关闭 Đã đóng",G13<TODAY()),"逾期 Quá hạn","") | M13: =IF(AND(I13<>"",H13="进行中 Đang thực hiện"),TODAY()-I13,"")
L14: =IF(AND(G14<>"",H14<>"已完成 Hoàn thành",H14<>"已关闭 Đã đóng",G14<TODAY()),"逾期 Quá hạn","") | M14: =IF(AND(I14<>"",H14="进行中 Đang thực hiện"),TODAY()-I14,"")
L15: =IF(AND(G15<>"",H15<>"已完成 Hoàn thành",H15<>"已关闭 Đã đóng",G15<TODAY()),"逾期 Quá hạn","") | M15: =IF(AND(I15<>"",H15="进行中 Đang thực hiện"),TODAY()-I15,"")
L16: =IF(AND(G16<>"",H16<>"已完成 Hoàn thành",H16<>"已关闭 Đã đóng",G16<TODAY()),"逾期 Quá hạn","") | M16: =IF(AND(I16<>"",H16="进行中 Đang thực hiện"),TODAY()-I16,"")
L17: =IF(AND(G17<>"",H17<>"已完成 Hoàn thành",H17<>"已关闭 Đã đóng",G17<TODAY()),"逾期 Quá hạn","") | M17: =IF(AND(I17<>"",H17="进行中 Đang thực hiện"),TODAY()-I17,"")
L18: =IF(AND(G18<>"",H18<>"已完成 Hoàn thành",H18<>"已关闭 Đã đóng",G18<TODAY()),"逾期 Quá hạn","") | M18: =IF(AND(I18<>"",H18="进行中 Đang thực hiện"),TODAY()-I18,"")
... L29: =IF(AND(G29<>"",H29<>"已完成 Hoàn thành",H29<>"已关闭 Đã đóng",G29<TODAY()),"逾期 Quá hạn","") | M29: =IF(AND(I29<>"",H29="进行中 Đang thực hiện"),TODAY()-I29,"")

Sheet 提案 Đề xuất
A1: 降本增效提案登记 / Đăng ký đề xuất giảm chi phí, tăng hiệu quả
A2: 分成比例、封顶、财务确认门槛来自“参数”页 / Tỷ lệ chia thưởng, mức tối đa, ngưỡng xác nhận tài chính lấy từ trang “Tham số”
A4: 提案编号 Mã đề xuất | B4: 部门 Bộ phận | C4: 提案人 Người đề xuất | D4: 类型 Loại | E4: 范围 Phạm vi | F4: 提案日期 Ngày đề xuất | G4: 提案名称 Tên đề xuất | H4: 现状与问题 Hiện trạng & vấn đề | I4: 改善方案 Giải pháp | J4: 预计年化节省 (VND) Tiết kiệm dự kiến/năm | K4: 验证期起 Xác minh từ | L4: 验证期止 Xác minh đến | M4: 验证后年化节省 (VND) Tiết kiệm đã xác minh/năm | N4: 需财务确认 Cần tài chính xác nhận | O4: 财务已确认 Tài chính đã xác nhận | P4: 状态 Trạng thái | Q4: 预计分成 (VND) Tiền thưởng dự kiến | R4: 证据文件夹链接 Liên kết thư mục hồ sơ
A5: SX-2027-001 | B5: 生产 Sản xuất | C5: Nguyễn Văn A | D5: 主动提案 Chủ động | E5: 跨部门 Liên bộ phận | F5: 2027-01-10 | G5: 降低 1 号机开机废料 / Giảm phế liệu khởi động máy 1 | H5: 每次开机废料约 25 kg，月开机 20 次 / Mỗi lần khởi động ~25 kg phế, 20 lần/tháng | I5: 调整预热程序并与质量部确定首检放行标准 / Điều chỉnh gia nhiệt và thống nhất tiêu chuẩn kiểm tra đầu với QC | J5: 120000000 | K5: 2027-03-01 | L5: 2027-05-31 | M5: 96000000 | N5: =IF(J5="","",IF(J5>=参数!$B$9,"是 Có","否 Không")) | O5: 是 Có | P5: 结案 Kết thúc | Q5: =IF(OR(M5="",P5<>"结案 Kết thúc"),"",IF(D5="主动提案 Chủ động",MIN(M5*参数!$B$7,参数!$B$8),0)) | R5: https://drive.google.com/...
N6: =IF(J6="","",IF(J6>=参数!$B$9,"是 Có","否 Không")) | Q6: =IF(OR(M6="",P6<>"结案 Kết thúc"),"",IF(D6="主动提案 Chủ động",MIN(M6*参数!$B$7,参数!$B$8),0))
N7: =IF(J7="","",IF(J7>=参数!$B$9,"是 Có","否 Không")) | Q7: =IF(OR(M7="",P7<>"结案 Kết thúc"),"",IF(D7="主动提案 Chủ động",MIN(M7*参数!$B$7,参数!$B$8),0))
N8: =IF(J8="","",IF(J8>=参数!$B$9,"是 Có","否 Không")) | Q8: =IF(OR(M8="",P8<>"结案 Kết thúc"),"",IF(D8="主动提案 Chủ động",MIN(M8*参数!$B$7,参数!$B$8),0))
N9: =IF(J9="","",IF(J9>=参数!$B$9,"是 Có","否 Không")) | Q9: =IF(OR(M9="",P9<>"结案 Kết thúc"),"",IF(D9="主动提案 Chủ động",MIN(M9*参数!$B$7,参数!$B$8),0))
N10: =IF(J10="","",IF(J10>=参数!$B$9,"是 Có","否 Không")) | Q10: =IF(OR(M10="",P10<>"结案 Kết thúc"),"",IF(D10="主动提案 Chủ động",MIN(M10*参数!$B$7,参数!$B$8),0))
N11: =IF(J11="","",IF(J11>=参数!$B$9,"是 Có","否 Không")) | Q11: =IF(OR(M11="",P11<>"结案 Kết thúc"),"",IF(D11="主动提案 Chủ động",MIN(M11*参数!$B$7,参数!$B$8),0))
N12: =IF(J12="","",IF(J12>=参数!$B$9,"是 Có","否 Không")) | Q12: =IF(OR(M12="",P12<>"结案 Kết thúc"),"",IF(D12="主动提案 Chủ động",MIN(M12*参数!$B$7,参数!$B$8),0))
N13: =IF(J13="","",IF(J13>=参数!$B$9,"是 Có","否 Không")) | Q13: =IF(OR(M13="",P13<>"结案 Kết thúc"),"",IF(D13="主动提案 Chủ động",MIN(M13*参数!$B$7,参数!$B$8),0))
N14: =IF(J14="","",IF(J14>=参数!$B$9,"是 Có","否 Không")) | Q14: =IF(OR(M14="",P14<>"结案 Kết thúc"),"",IF(D14="主动提案 Chủ động",MIN(M14*参数!$B$7,参数!$B$8),0))
N15: =IF(J15="","",IF(J15>=参数!$B$9,"是 Có","否 Không")) | Q15: =IF(OR(M15="",P15<>"结案 Kết thúc"),"",IF(D15="主动提案 Chủ động",MIN(M15*参数!$B$7,参数!$B$8),0))
N16: =IF(J16="","",IF(J16>=参数!$B$9,"是 Có","否 Không")) | Q16: =IF(OR(M16="",P16<>"结案 Kết thúc"),"",IF(D16="主动提案 Chủ động",MIN(M16*参数!$B$7,参数!$B$8),0))
N17: =IF(J17="","",IF(J17>=参数!$B$9,"是 Có","否 Không")) | Q17: =IF(OR(M17="",P17<>"结案 Kết thúc"),"",IF(D17="主动提案 Chủ động",MIN(M17*参数!$B$7,参数!$B$8),0))
... N29: =IF(J29="","",IF(J29>=参数!$B$9,"是 Có","否 Không")) | Q29: =IF(OR(M29="",P29<>"结案 Kết thúc"),"",IF(D29="主动提案 Chủ động",MIN(M29*参数!$B$7,参数!$B$8),0))

Sheet 关键贡献 Đóng góp
A1: 关键贡献事件登记 / Đăng ký sự việc đóng góp quan trọng
A2: 只登记有事前预警记录的事件 / Chỉ ghi sự việc có bản ghi cảnh báo trước
A4: 编号 Mã | B4: 部门 Bộ phận | C4: 人员 Người | D4: 类型 Loại | E4: 风险来源 Nguồn rủi ro | F4: 预警日期 Ngày cảnh báo | G4: 预警记录链接 Liên kết bản ghi cảnh báo | H4: 问题发生或预计发生日期 Ngày xảy ra / dự kiến | I4: 事件描述 Mô tả sự việc | J4: 采取的行动 Hành động đã làm | K4: 避免的损失估计 (VND) Thiệt hại tránh được (ước tính) | L4: 结果 Kết quả | M4: 总经理认定 TGĐ xét duyệt | N4: 预警是否早于发生 Cảnh báo trước khi xảy ra
A5: CL-2027-001 | B5: 质量 Chất lượng | C5: Lê Văn C | D5: 生产交付 Giao hàng | E5: 技术 Kỹ thuật | F5: 2027-02-03 | G5: https://drive.google.com/... | H5: 2027-03-10 | I5: 发现 2 号机牵引轮磨损，若不更换 3 月订单将停机 / Phát hiện bánh kéo máy 2 mòn, không thay thì tháng 3 dừng máy | J5: 提前申购备件，3 月 5 日更换 / Mua phụ tùng trước, thay ngày 5/3 | K5: 80000000 | L5: 3 月订单按期交付 / Đơn tháng 3 giao đúng hạn | M5: 待定 Chờ xét | N5: =IF(OR(F5="",H5=""),"",IF(F5<H5,"是 Có","否 Không"))
N6: =IF(OR(F6="",H6=""),"",IF(F6<H6,"是 Có","否 Không"))
N7: =IF(OR(F7="",H7=""),"",IF(F7<H7,"是 Có","否 Không"))
N8: =IF(OR(F8="",H8=""),"",IF(F8<H8,"是 Có","否 Không"))
N9: =IF(OR(F9="",H9=""),"",IF(F9<H9,"是 Có","否 Không"))
N10: =IF(OR(F10="",H10=""),"",IF(F10<H10,"是 Có","否 Không"))
N11: =IF(OR(F11="",H11=""),"",IF(F11<H11,"是 Có","否 Không"))
N12: =IF(OR(F12="",H12=""),"",IF(F12<H12,"是 Có","否 Không"))
N13: =IF(OR(F13="",H13=""),"",IF(F13<H13,"是 Có","否 Không"))
N14: =IF(OR(F14="",H14=""),"",IF(F14<H14,"是 Có","否 Không"))
N15: =IF(OR(F15="",H15=""),"",IF(F15<H15,"是 Có","否 Không"))
N16: =IF(OR(F16="",H16=""),"",IF(F16<H16,"是 Có","否 Không"))
N17: =IF(OR(F17="",H17=""),"",IF(F17<H17,"是 Có","否 Không"))
... N29: =IF(OR(F29="",H29=""),"",IF(F29<H29,"是 Có","否 Không"))

Sheet 参数 Tham số
A1: 计划参数与人员分配 / Tham số kế hoạch và phân bổ
A2: 蓝色字为总经理设定的输入值 / Chữ xanh là giá trị đầu vào do Tổng Giám đốc thiết lập
A4: 参数 Tham số | B4: 数值 Giá trị | C4: 说明 Ghi chú
A5: 保底奖金池 (VND) / Quỹ thưởng tối thiểu | B5: 250000000 | C5: 公司承诺全额发放 / Công ty cam kết phát đủ
A6: 计划年度 / Năm kế hoạch | B6: '2027 | C6: 2027-01-01 至 2027-12-31
A7: 降本增效分成比例 / Tỷ lệ chia thưởng tiết kiệm | B7: 0.15 | C7: 按验证后年化节省 / Theo tiết kiệm đã xác minh (năm)
A8: 单个提案分成上限 (VND) / Mức thưởng tối đa mỗi đề xuất | B8: 100000000 | C8: 总额不封顶 / Tổng không giới hạn
A9: 需财务确认的年化节省门槛 (VND) / Ngưỡng cần tài chính xác nhận | B9: 50000000 | C9: 低于此值由总经理按等级认定 / Dưới mức này TGĐ xét theo xếp loại
A10: 月度工作单截止日 (每月) / Hạn nộp phiếu tháng | B10: 5 | C10: 次月 5 日前 / Trước ngày 5 tháng sau
A11: 台账停滞天数阈值 / Ngưỡng ngày đình trệ | B11: 30 | C11: 进行中事项超过此天数未更新 / Việc đang làm quá số ngày này chưa cập nhật
A13: 等级倍数 / Hệ số theo xếp loại
A14: 等级 Xếp loại | B14: 倍数 Hệ số | C14: 说明 Ghi chú
A15: A 优秀 Xuất sắc | B15: 1.3 | C15: 未发完的余额分给 A 档 / Phần dư chia cho loại A
A16: B 达标 Đạt | B16: 1 | C16: 标准额 / Mức chuẩn
A17: C 不足 Chưa đạt | B17: 0.6
A18: D 未完成 Không đạt | B18: 0
A20: 人员与标准额 / Danh sách và mức chuẩn (B 档)
A21: 岗位 Vị trí | B21: 系数 Hệ số | C21: 姓名 Họ tên | D21: 年度等级 Xếp loại năm | E21: 标准额 (VND) Mức chuẩn | F21: 应发 (VND) Thực nhận | G21: 说明 Ghi chú
A22: 生产主管 Giám sát sản xuất | B22: 1 | D22: B 达标 Đạt | E22: =$B$5/SUM($B$22:$B$34)*B22 | F22: =IF(D22="","",E22*IFERROR(VLOOKUP(D22,$A$15:$B$18,2,FALSE),1))
A23: 质量主管 Giám sát chất lượng | B23: 1 | D23: B 达标 Đạt | E23: =$B$5/SUM($B$22:$B$34)*B23 | F23: =IF(D23="","",E23*IFERROR(VLOOKUP(D23,$A$15:$B$18,2,FALSE),1))
A24: 采购主管 Trưởng mua hàng | B24: 1 | D24: B 达标 Đạt | E24: =$B$5/SUM($B$22:$B$34)*B24 | F24: =IF(D24="","",E24*IFERROR(VLOOKUP(D24,$A$15:$B$18,2,FALSE),1))
A25: 仓库主管 Giám sát kho | B25: 1 | D25: B 达标 Đạt | E25: =$B$5/SUM($B$22:$B$34)*B25 | F25: =IF(D25="","",E25*IFERROR(VLOOKUP(D25,$A$15:$B$18,2,FALSE),1))
A26: 人事主管 Trưởng nhân sự | B26: 1 | D26: B 达标 Đạt | E26: =$B$5/SUM($B$22:$B$34)*B26 | F26: =IF(D26="","",E26*IFERROR(VLOOKUP(D26,$A$15:$B$18,2,FALSE),1))
A27: 进出口跟单 NV chứng từ XNK | B27: 0.7 | D27: B 达标 Đạt | E27: =$B$5/SUM($B$22:$B$34)*B27 | F27: =IF(D27="","",E27*IFERROR(VLOOKUP(D27,$A$15:$B$18,2,FALSE),1))
A28: 出纳 Thủ quỹ | B28: 0.7 | D28: B 达标 Đạt | E28: =$B$5/SUM($B$22:$B$34)*B28 | F28: =IF(D28="","",E28*IFERROR(VLOOKUP(D28,$A$15:$B$18,2,FALSE),1))
A29: 质量助理 Trợ lý chất lượng | B29: 0.7 | D29: B 达标 Đạt | E29: =$B$5/SUM($B$22:$B$34)*B29 | F29: =IF(D29="","",E29*IFERROR(VLOOKUP(D29,$A$15:$B$18,2,FALSE),1))
A30: 班长 1 Tổ trưởng ca 1 | B30: 0.4 | D30: B 达标 Đạt | E30: =$B$5/SUM($B$22:$B$34)*B30 | F30: =IF(D30="","",E30*IFERROR(VLOOKUP(D30,$A$15:$B$18,2,FALSE),1))
A31: 班长 2 Tổ trưởng ca 2 | B31: 0.4 | D31: B 达标 Đạt | E31: =$B$5/SUM($B$22:$B$34)*B31 | F31: =IF(D31="","",E31*IFERROR(VLOOKUP(D31,$A$15:$B$18,2,FALSE),1))
A32: 班长 3 Tổ trưởng ca 3 | B32: 0.4 | D32: B 达标 Đạt | E32: =$B$5/SUM($B$22:$B$34)*B32 | F32: =IF(D32="","",E32*IFERROR(VLOOKUP(D32,$A$15:$B$18,2,FALSE),1))
A33: 班长 4 Tổ trưởng ca 4 | B33: 0.4 | D33: B 达标 Đạt | E33: =$B$5/SUM($B$22:$B$34)*B33 | F33: =IF(D33="","",E33*IFERROR(VLOOKUP(D33,$A$15:$B$18,2,FALSE),1))
A34: 班长 5 Tổ trưởng ca 5 | B34: 0.4 | D34: B 达标 Đạt | E34: =$B$5/SUM($B$22:$B$34)*B34 | F34: =IF(D34="","",E34*IFERROR(VLOOKUP(D34,$A$15:$B$18,2,FALSE),1))
A35: 合计 Tổng | B35: =SUM(B22:B34) | E35: =SUM(E22:E34) | F35: =SUM(F22:F34)
A36: 未发余额，分给 A 档 / Phần dư chia cho loại A | F36: =$B$5-F35
A37: A 档人数 / Số người loại A | F37: =COUNTIF(D22:D34,"A 优秀 Xuất sắc")
A38: 每位 A 档追加 / Mỗi người loại A nhận thêm | F38: =IF(F37=0,0,F36/F37)
